{
  "bm25/N/A": {
    "recall@10": 0.48125880400006116,
    "paper_recall@10": 0.33414877618224065,
    "patent_recall@10": 0.6450703377198117,
    "recall@50": 0.9959202446809068,
    "paper_recall@50": 0.9955758892078651,
    "patent_recall@50": 0.9970690076299158,
    "recall@100": 1.0,
    "paper_recall@100": 1.0,
    "patent_recall@100": 1.0
  },
  "bm25_rerank/gpt-5.2": {
    "recall@10": 0.5644418277007843,
    "paper_recall@10": 0.43960551763027966,
    "patent_recall@10": 0.7176451322700105,
    "recall@50": 0.8140594595059729,
    "paper_recall@50": 0.7296805276267709,
    "patent_recall@50": 0.8906273949427396,
    "recall@100": 0.8140594595059729,
    "paper_recall@100": 0.7296805276267709,
    "patent_recall@100": 0.8906273949427396
  },
  "agent/gpt-5.2": {
    "recall@10": 0.1863582788430047,
    "paper_recall@10": 0.13717658912630357,
    "patent_recall@10": 0.24516702726947245,
    "recall@50": 0.45565896600328026,
    "paper_recall@50": 0.3847456817616636,
    "patent_recall@50": 0.5282788177988582,
    "recall@100": 0.5332589276792434,
    "paper_recall@100": 0.46758706215046836,
    "patent_recall@100": 0.6036345498870042
  },
  "bm25_rerank/claude-sonnet-4-6": {
    "recall@10": 0.562645332709251,
    "paper_recall@10": 0.4485810396779569,
    "patent_recall@10": 0.7021182983750134,
    "recall@50": 0.8140594595059729,
    "paper_recall@50": 0.7296805276267709,
    "patent_recall@50": 0.8906273949427396,
    "recall@100": 0.8140594595059729,
    "paper_recall@100": 0.7296805276267709,
    "patent_recall@100": 0.8906273949427396
  },
  "agent/claude-sonnet-4-6": {
    "recall@10": 0.28878166868265553,
    "paper_recall@10": 0.20716309541739622,
    "patent_recall@10": 0.3967032761831985,
    "recall@50": 0.6413386348025292,
    "paper_recall@50": 0.5744444535696115,
    "patent_recall@50": 0.715463212800056,
    "recall@100": 0.7110725612758527,
    "paper_recall@100": 0.6516002946719612,
    "patent_recall@100": 0.7784351043479708
  },
  "bm25_rerank/gemini-3-pro-preview": {
    "recall@10": 0.48125880400006116,
    "paper_recall@10": 0.33414877618224065,
    "patent_recall@10": 0.6450703377198117,
    "recall@50": 0.8140594595059729,
    "paper_recall@50": 0.7296805276267709,
    "patent_recall@50": 0.8906273949427396,
    "recall@100": 0.8140594595059729,
    "paper_recall@100": 0.7296805276267709,
    "patent_recall@100": 0.8906273949427396
  },
  "agent/gemini-3-pro-preview": {
    "recall@10": 0.39617592066255625,
    "paper_recall@10": 0.2329455426489815,
    "patent_recall@10": 0.5873116343393333,
    "recall@50": 0.5867929233653104,
    "paper_recall@50": 0.4225162561672286,
    "patent_recall@50": 0.7473070966869969,
    "recall@100": 0.5867929233653104,
    "paper_recall@100": 0.4225162561672286,
    "patent_recall@100": 0.7473070966869969
  }
}